{
    "cases": [
        {
            "caseNo": 1,
            "inputs": {
                "fluid": "air",
                "M": 0.35,
                "gamma": 1.4
            },
            "outputs": {
                "P0_P": 1.0884,
                "P0_Pstar": 1.89293,
                "T0_T": 1.0245,
                "T0_Tstar": 1.2,
                "rho0_rho": 1.0624,
                "rho0_rhostar": 1.57744,
                "A_Astar": 1.7780
            }
        },
        {
            "caseNo": 2,
            "inputs": {
                "fluid": "air",
                "M": 4.21,
                "gamma": 1.4,
                "P": 34000,
                "T0": 200
            },
            "outputs": {
                "P0_P": 200.1282,
                "P0_Pstar": 1.89293,
                "T0_T": 4.5448,
                "T0_Tstar": 1.2,
                "rho0_rho": 44.0344,
                "rho0_rhostar": 1.57744,
                "A_Astar": 12.9040,
                "P0": 6804362.2,
                "T": 44.00634,
                "a0_a": 2.13186
            }
        },
        {
            "caseNo": 3,
            "inputs": {
                "fluid": "air",
                "gamma": 1.4,
                "A_Astar": 4.2346,
                "regime": "sup"
            },
            "outputs": {
                "P0_P": 36.7327,
                "P0_Pstar": 1.89293,
                "T0_T": 2.8,
                "T0_Tstar": 1.2,
                "rho0_rho": 13.1188,
                "rho0_rhostar": 1.57744,
                "a0_a": 1.67332
            }
        }
    ]
}